Binary,Hexadecimal
1000110100110100001000001100101010011001010001000000100110010100000010000011100000010111010110110010100001001111100011010100000001100010000110111010010000110000100011010110001111000011010011000010011010001100010001010000011100011010010000011101010011010011001001000010100001101111,8D99999A994409940838175B284F8D40621BA4308D63C34C268C45071A41D4D324286F
1000110100110100001000001100101001100000101100111111001001010110101000000001011101111110011000001110000100011011001001000010100001101111,1B220872758DE16208C301
1000110100110100001000001100101001100000101101010000010111010000010100000001010101011001010111011000110001110000001001000010100001101111,8D99999A60B505D05015595D8C7024286F
1000110100110100001000001100101001100000101100111111010111000110010010100001001000011011010011001010011000001110001001000010100001101111,8D99999A60B3F5C64A121B4CA60E24286F
1000110100110100001000001100101001100000101100111111010111000001010100100001000001111111001100101101001101001001001001000010100001101111,8D99999A60B3F5C152107F32D34924286F
1000110100110100001000001100101001100000101100111111010110111100001111100000111011011010000011011011011100111100001001000010100001101111,8D99999A60B3F5BC3E0EDA0DB73C24286F
1000110100110100001000001100101001100000101100111110001000111000001101000000110110010001000000010101100010001001001001000010100001101111,8D99999A60B3E238340D9101588924286F
1000110100110100001000001100101001100000101100111110001000110011000110000000101111101000000110001100010110100101001001000010100001101111,8D99999A60B3E233180BE818C5A524286F
1000110100110100001000001100101001100000101100111110010110101111011110100000101010111011100001101111110010001101001001000010100001101111,8D99999A60B3E5AF7A0ABB86FC8D24286F
1000110100110100001000001100101001100000101100111110010110101010010111100000100100010111011001000100000000010101001001000010100001101111,8D99999A60B3E5AA5E091764401524286F
1000110100110100001000001100101000100000001001000010000101110011110100110000110101100000011101100001111110101111001001000010100001101111,8D99999A20242173D30D60761FAF24286F
1000110100110100001000001100101001100000101100111111010110100101010100000000011101110111001100110101100010000011001001000010100001101111,8D99999A60B3F5A550077733588324286F
1000110100110100001000001100101001100000101101010000010110100000010000000000010111010111101001111101010100100010001001000010100001101111,8D99999A60B505A04005D7A7D52224286F
1000110100110100001000001100101001100000101101010000010110011011001010000000010000110101111011100001000011001010001001000010100001101111,8D99999A60B5059B280435EE10CA24286F
1000110100110100001000001100101001100000101101010001001000010110100000000000001010101010111011111010101001110101001001000010100001101111,8D99999A60B512168002AAEFAA7524286F
1000110100110100001000001100101001100000101101010001001000010001010010100000000011111110001101101110111000110111001001000010100001101111,8D99999A60B512114A00FE36EE3724286F
1000110100110100001000001100101001100000101101010000010110001000010111111111111000110100110101101011010010001110001001000010100001101111,8D99999A60B505885FFE34D6B48E24286F
1000110100110100001000001100101001100000101101010000010110000100011111111111110011110110100001001010000111000001001001000010100001101111,8D99999A60B505847FFCF684A1C124286F
1000110100110100001000001100101001100000101100111111010101111111100001111111101101100000111101010011001110100100001001000010100001101111,8D99998A60B3F57F87FB60F533A424286F
1000110100110100001000001100101001100000101100111111000111111011111110011111101000100010000010100110000110101001001001000010100001101111,8D99999A60B3F1FBF9FA220A61A924286F
1000110100110100001000001100101001100000101100111110000111110110110111011111100010000001100010011100001010001000001001000010100001101111,8D99999A60B3E1F6DDF88189C28824286F
1000110100110100001000001100101001100000101100111110010101110011101100111111011110100011110101100010101000010110001001000010100001101111,8D99999A60B3E573B3F7A3D62A1624286F
