ech,Hexadecimal
1712491606,8F39847758074562F9D6BD15E017
1712491608,8F39847758078562DFD6E838EAB6
1712491608,8F398477224D65F2C446201FB239
1712491609,8F39847799109C85F08807E34115
1712491609,8F39847799109E861094071451AA
1712491610,8F398477EA0DC85D275C00D45970
1712491611,8F3984779910A08610B008AE1E1F
1712491611,8F3984775807E562BDD71E44A16A
1712491611,8F3984779910A08610B80721D257
1712491611,8F398477EA0DC85D275C00D45970
1712491612,8F3984779910A08610C0060C5E45
1712491612,8F3984779910A08610D00713724C
1712491614,8F3984779910A08630F007684A6C
1712491617,8F398477F8030002004ABCF6C326
1712491617,8F3984775809C1E213D6655E6ACA
1712491618,8F3984775809F1E209D675A731A8
1712491619,8F398477580B31E1FFD685A73771
1712491619,8F398477EA0DC85D275C00D45970
1712491619,8F398477224D65F2C446201FB239
1712491620,8F3984779910A08691480862A6CC
1712491621,8D398477EA0DC85D275C0864CBEC
1712491622,8D3984779910A487112C08656CE1
1712491622,8D398477580D01E1CFD6CC1CD7EA
1712491623,8F3984779910A687511408F793D6
1712491624,8F398477580D61E1B9D6EBCFF723
1712491624,8F3984779910A487511008C9B04A
1712491625,8F398477EA0DC85E6B5C087B25B7
1712491626,8F398477580DE5621DD80F0DD926
1712491628,8F398477224D65F2C446201FB239
1712491628,8F398477580F21E189D72E7580A8
1712491629,8F39847799109D8771240820CFF4
1712491630,8F39847799109C8771280A6B8321
1712491631,8F39847799109C87713008FB2B3A
1712491631,8F398477F8230002004ABC52B5FF
1712491631,8F39847799109A8771340AC93F85
1712491631,8F398477580FA1E16FD74FFBDC28
1712491632,8F398477580FD1E163D75ECE7D55
1712491632,8F398477EA0DC85E6B5C087B25B7
1712491632,8F398477580FF1E15DD766741626
1712491633,8F398477581111E157D76FE2082B
1712491633,8F39847758114561CFD8731EBFA3
1712491634,8F3984779910938751380920AD00
1712491635,8F3984779910928751380923A7CE
1712491636,8F3984779910908771340928947B
1712491637,8F398477581315619DD8AE4ED505
1712491638,8F398477581341E10DD7C521B2A9
1712491638,8F39847799108788F12C09185074
1712491639,8F398477F8230002004ABC52B5FF
1712491639,8F39847799108489D120093B945C
1712491640,8D3984779910808AB11009EA4213
1712491642,8D3984775813F5614FD8ED7D35A3
1712491643,8D39847799107C8B91000999B388
1712491643,8D3984779910768C90F40AC50CB1
1712491644,8D398477581511E0B9D8036DFA80
1712491644,8D398477EA0DC85E6B5C08CBC747
1712491645,8D3984779910718D90DC09560593
1712491645,8D39847799106C8E90D00ABA6B12
1712491646,8D3984779910668F90C80A1F61AD
1712491646,8D3984779910668F90C409A8D3BF
1712491647,8D39847758159560E5D91D1A3181
1712491647,8D398477F8230002004ABCE2570F
1712491647,8D3984775815A1E04FD82F932803
1712491648,8D3984775815B560C9D926995E72
1712491648,8D3984775815C560BBD92A033861
1712491649,8D3984775815D1E017D83EC66438
1712491650,8D398477EA1B785E6B5C0873A871
1712491650,8D398477581705607DD938E2597F
1712491651,8D39847799903C93B0C009182093
1712491651,8D398477581721DFD1D84BC721AE
1712491652,8D398477F8230002004ABCE2570F
1712491652,8D398477224D65F2C44620AF50C9
1712491652,8D398477EA1B785E6B5C0873A871
1712491653,8D398477581755602BD9439639AD
1712491653,8D398477581771DF8FD8532049B6
1712491654,8D39847799901C9510D80A41522F
1712491655,8D3984779990119550E00B8DD9FB
1712491656,8D3984775817A1DF5BD855220819
1712491657,8D3984779990059570EC0BBC780A
1712491658,8D3984775817D1DF3DD855523344
1712491658,8D3984779990059570F40AD33803
1712491659,8D3984775817E55FB9D947DDCCD1
1712491659,8D3984779994089570FC0B60A7D6
1712491660,8D3984775819155F9BD946FD1119
1712491660,8D3984779994129551080C9A02A9
1712491661,8D3984775819455F79D944313A36
1712491661,8D3984775819555F69D9432302E2
1712491661,8D3984775819755F5BD9423E3F90
1712491662,8D398477F8230002004ABCE2570F
1712491662,8D39847799942794F1180AA0AF85
1712491663,8D3984775819B1DE9BD849312514
1712491663,8D398477EA1B785E6B5C0873A871
1712491664,8D398477224D65F2C44620AF50C9
1712491664,8D398477581B21DE55D83B4EBBB2
1712491664,8D398477581B455ED3D92AD71BD7
1712491666,8D39847799944E9311240A78AD1D
1712491666,8D398477581B755EB5D92265E366
1712491666,8D398477581B81DE15D82A209DF8
1712491667,8D3984779994579291240A92A4BD
1712491667,8D398477581BB55E8DD915D5A892
1712491668,8D398477581BF55E65D9075CC50F
1712491670,8D398477581D31DDAFD803B04798
1712491671,8D3984779914778F91180A6F23AE
1712491672,8D398477581D61DD99D7F856E971
1712491673,8D3984779914838DF1140C5ADDCF
1712491674,8D398477EA1B785E6B5C0873A871
1712491674,8D3984779914888D31140C276812
1712491674,8D398477581DE55DF5D8CB1326AA
1712491675,8D398477581DF1DD57D7CE3F74AC
1712491675,8D398477581F01DD4DD7C794D3D7
1712491676,8D3984779914918BD10C0C41A370
1712491676,8D398477EA1B785E6B5C0873A871
1712491677,8D398477581F81DD1DD79FBAEF48
1712491678,8D39847799149A8A91040C8D8353
1712491679,8D398477EA1B785E6B5C0873A871
1712491679,8D398477581FD1DCFFD782A279A4
1712491680,8D398477582111DCDFD763C40A6F
1712491681,8D3984779914A389D0E80D30731D
1712491682,8D3984779914A489F0E40D34615E
1712491683,8D398477EA1B785E6B5C0873A871
1712491685,8D3984779914A68A50D40D3F97BA
1712491687,8D398477EA1B785E6B5C0873A871
1712491688,8D3984779914A78AF0C80D3B67F0
1712491688,8D3984775821F55D11D7F71E5975
1712491689,8D398477EA1B785E6B5C0873A871
1712491689,8D398477582321DC57D6DEF377BC
1712491690,8D3984775823455CDDD7CACCE8EA
1712491691,8D398477582351DC31D6BF7EFA38
1712491692,8D3984779914A88D30A80DDBC7B7
1712491694,8D398477F8230002004ABCE2570F
1712491695,8D3984775823E1DBC1D66C852704
1712491697,8D3984779914A68FB0A80E8BB97A
1712491699,8D3984775825455C11D738CE97BD
1712491702,8D398477582571DB3BD6178124A0
1712491702,8D3984779914A49150B00EDF4060
1712491703,8D3984775825B55BA7D6FB5F158D
1712491706,8D398477EA1B785E6B5C0873A871
1712491706,8D3984775827155B3DD6C4EDAC7E
1712491706,8D3984779914969430B00F3CD8B1
1712491707,8D39847799149194F0B40F6D2624
1712491708,8D398477224D65F2C44620AF50C9
1712491709,8D398477582771DA31D597DF7B14
1712491712,8D3984775827E55A5DD674E62757
1712491713,8D3984779914729850C80E046974
1712491715,8D39847799146B98D0CC0EFDAB87
1712491716,8D3984775829255A13D66101A026
1712491716,8D3984779914649950D40F42706A
1712491717,8D398477582951D943D553A7D89D
1712491717,8D39847799145E99D0D80FAF980B
1712491718,8D3984775829955997D64875D186
1712491719,8D3984779914509A90E40E223D78
1712491719,8D3984775829C1D8C3D53B2E2C36
1712491720,8D3984779914439B30EC0EE3671D
1712491721,8D398477582B31D843D52AC751CE
1712491722,8D39847799142E9BF0F81110A8B4
1712491723,8D398477582B81D7EFD52196C839
1712491724,8D398477582BB5586BD62376205C
1712491730,8D398477582D71D707D516F40675
1712491731,8D398477F8230002004ABCE2570F
1712491732,8D398477582F15572DD61D92021A
1712491743,8C3465D838EE558D215BD7AB3C9B
1712491743,8C3465D838EE558D215BD8549CD3
1712491745,8C3465D82358F17835082081C3A4
1712491745,8C3465D838CE558D215BDAF0F611
1712491746,8C3465D838CE538B2D57D9EC8641
1712491746,8D398477F8230002004ABCE2570F
1712491746,8C3465D838CE538B2D57DA136E53
1712491748,8C3465D82358F17835082081C3A4
1712491749,8C3465D838AE538B2D57DC00251C
1712491750,8C3465D8388E558D1F5BDD625C39
1712491753,8C3465D82358F17835082081C3A4
1712491753,8C3465D8382E558D1F5BDD57ED9F
1712491756,8C3465D8382E558D1F5BDD57ED9F
1712491757,8C3465D8382E538B2B57DCBD1BE5
1712491759,8C3465D8382E558D1F5BDD57ED9F
1712491759,8C3465D8382E558D1F5BDD57ED9F
1712491761,8C3465D8F9008603834A383601D6
1712491761,8C3465D8382E538B2B57DCBD1BE5
1712491761,8C3465D8382E538B2B57DCBD1BE5
1712491764,8C3465D8F9008603834A383601D6
1712491765,8C3465D8382E538B2B57DCBD1BE5
1712491766,8C3465D8382E538B2B57DCBD1BE5
1712491766,8C3465D8382E558D1F5BDD57ED9F
1712491766,8C3465D8382E538B2B57DCBD1BE5
1712491767,8C3465D8F9008603834A383601D6
1712491768,8C3465D8382E538B2B57DCBD1BE5
1712491770,8C3465D8382E538B2B57DCBD1BE5
1712491771,8C3465D8382E538B2B57DCBD1BE5
1712491773,8C3465D8382E538B2B57DCBD1BE5
1712491773,8C3465D8382E538B2B57DCBD1BE5
1712491779,8C3465D82358F17835082081C3A4
1712491797,8C3465D8381E538B2B57DCB4AC54
1712491813,8C3465D8381E538B2B57DCB4AC54
1712491818,8C3465D8381E558D1F5BDD5E5A2E
1712491833,8C440175E1061C0000000078BFC1
1712491833,8C4401753A6873893D58CD7FB631
1712491836,8C3465D8381E558D1F5BDD5E5A2E
1712491859,8C3465D8381E538B2D57DC9855D2
1712491861,8C3465D8F9008603834A383601D6
1712491867,8C3465D8381E638B2F57D72D900E
1712491869,8C3465D82358F17835082081C3A4
1712491870,8C3465D838DE638B3157D66BA55D
1712491873,8C3465D838EE638B3357D2798258
1712491874,8C3465D838EE638B3357D2798258
1712491874,8C3465D8F9008603834A383601D6
1712491875,8C3465D838FE638B3557CF07E63D
1712491877,8C3465D838FE638B3557CCF80E2F
1712491877,8C3465D838FE638B3757CCE3A6AD
1712491877,8C3465D838FE638B3757CB1C7689
1712491881,8C3465D8390E638B3957C65282D6
1712491887,8D44035258072562C9D70DA1284A
1712491888,8D440352F80300060049B8CC28D0
1712491888,8D44035258075562B9D726DEF74F
1712491888,8D440352580761E235D6303F92E4
1712491889,8D440352580791E221D6503E1089
1712491890,8D4403529908A18630C007C9CD7B
1712491890,8D4403525807B56297D75E027BC5
1712491890,8D4403529908A18630C006363972
1712491891,8D440352F80300060049B8CC28D0
1712491891,8D440352EA0DC85C013C0053DD9B
1712491892,8D4403529908A28630C806434A20
1712491892,8C3465D8394DD38B3757AD91E25B
1712491892,8C3465D8394DC58D295BAF842670
1712491894,8C3465D8F9008603834B38380C56
1712491894,8D4403529908A28630CC087B2861
1712491894,8D440352EA0DC85C013C0053DD9B
1712491895,8D4403529908A28630D006D3FE20
1712491897,8C3465D8395D938B2F57A74D1ADC
1712491897,8D440352EA0DC85C013C0053DD9B
1712491898,8D4403529908A28630DC089BF061
1712491898,8D440352EA0DC85C013C0053DD9B
1712491899,8D4403525809A56255D7CC265198
1712491899,8D4403529908A38630D8075F6CE7
1712491900,8D4403529908A28650D8086C421A
1712491900,8D4403525809F1E1C1D6F0AA9259
1712491901,8D4403529908A18690E00758F1F6
1712491901,8D4403529908A086F0E0086BDF0B
1712491902,8D440352F80300060049B8CC28D0
1712491902,8D440352E1122C000000001AC0DF
1712491904,8D440352EA0DC85C013C0053DD9B
1712491904,8D440352580BA1E17BD73E40DF6B
1712491905,8D440352EA0DC85C013C0853ADF7
1712491906,8D440352580BF1E155D75AB79D4A
1712491907,8D4403529908898C50DC08DF80CF
1712491907,8D440352EA0DC85C013C0853ADF7
1712491908,8D4403529908848D10D80851C448
1712491909,8D440352580D41E129D774E89582
1712491910,8F4403529908848D10D8071E86F0
1712491910,8F440352F82300060049B8D8BCF9
1712491910,8F440352580D51E119D77B0F43E3
1712491911,8F440352580D61E10FD781AAC3EA
1712491911,8F44035299087E8DD0D407C1B64A
1712491911,8F440352580D756187D87D4CC7E2
1712491912,8F4403529908788E90D008FAE101
1712491912,8F440352580D81E0F7D78C319D6D
1712491912,8F4403529908788E90CC07ADC349
1712491912,8F440352580D95616DD8883F5C00
1712491913,8F4403529908728F30CC07370572
1712491913,8F440352580DC1E0CFD79C055404
1712491913,8F44035299086C8FD0CC08CFE1D8
1712491913,8F440352580DD1E0C5D7A0419B5C
1712491914,8F440352EA0DC85C013C08E34F07
1712491914,8F4403529908669070CC08B2FFB3
1712491914,8F440352580DF1E0A9D7AAB6D99C
1712491915,8F4403529908669070CC074D5FFB
1712491915,8F440352580F05611FD8A4683AC7
1712491915,8F440352EA0DC85C013C08E34F07
1712491915,8F440352580F11E08DD7B208A561
1712491916,8F4403529908579150CC088E8127
1712491916,8F4403529908579150C80749176F
1712491917,8F44035299085091D0C8085587E0
1712491917,8F44035299085091D0C407E27DA8
1712491918,8F4403529908489230C4086CA053
1712491919,8F440352EA0DC85C013C08E34F07
1712491920,8F440352580FA1E005D7D0A53B26
1712491920,8F440352580FB1DFF7D7D3C550CC
1712491921,8F4403529908309330C0090B8FD9
1712491921,8F440352580FE56055D8CD988AB0
1712491922,8F4403529908289370C009A98D1B
1712491923,8F4403525811056035D8D0B4C2A2
1712491925,8F440352EA0DC85C013C08E34F07
1712491926,8F440352F82300060049B8D8BCF9
1712491927,8F440352581161DF4BD7DFA3B2CC
1712491927,8F440352581181DF2FD7DE7DEAF3
1712491928,8D4403525811A55F97D8D0E779C1
1712491929,8D4403522314A571DCD4A0897750
1712491930,8D440352F82300060049B8685E09
1712491930,8D4403525811E1DEC7D7D60E4DA2
1712491931,8D4403525811F1DEA5D7D2EAF58D
1712491932,8D440352990C2B93509C09A676D8
1712491933,8D440352990C32931094097712D4
1712491934,8D440352990C3992D08C0A4E0648
1712491934,8D440352F82300060049B8685E09
1712491935,8D440352581361DE2DD7BA33E650
1712491935,8D440352581371DE0FD7B25DEE77
1712491937,8D440352990C4792508409AAA883
1712491938,8D440352581391DDEFD7A92268BB
1712491941,8D4403525813A1DDD5D7A0612B4D
1712491941,8D440352E1122C000000001AC0DF
1712491941,8D440352F82300060049B8685E09
1712491942,8D4403525813D1DD9BD78BC497FF
1712491943,8D440352EA0DC85C013C0853ADF7
1712491943,8D4403525813F1DD81D7810DECD2
1712491944,8D440352990C669050800A58DF39
1712491944,8D440352F82300060049B8685E09
1712491944,8D4403525815055DF9D86DF47DFA
1712491944,8D440352990C6890307C0A966DA9
1712491945,8D440352581511DD4BD76BFA83FE
1712491945,8D440352EA0DC85C013C0853ADF7
1712491946,8D4403525815255DC5D85755A210
1712491947,8D440352990C6D8FF0780A0DA3A3
1712491947,8D440352EA0DC85C013C0853ADF7
1712491947,8D440352990C6D8FF07C09CA7DB1
1712491948,8D440352581561DCF1D744BB6FEB
1712491948,8D4403525815655D7BD837A5345A
1712491949,8D440352E1122C000000001AC0DF
1712491951,8D440352581591DCB3D728C1E018
1712491952,8D4403525815A55D3BD81B96656B
1712491955,8D440352990C738F70740A8D393A
1712491956,8D4403522314A571DCD4A0897750
1712491956,8D440352990C748F706C0A14B950
1712491956,8D440352E1122C000000001AC0DF
1712491957,8C3465D839BE638B5356E27F88EF
1712491957,8D440352998C768F90580A40416C
1712491958,8D440352998C768F90540A081B6C
1712491958,8D440352F82300060049B8685E09
1712491960,8C3465D839AE638B5F56CF75C768
1712491963,8D4403522314A571DCD4A0897750
1712491963,8D440352998C7C9070540AFFFD55
1712491965,8D440352998C7D9070540B030392
1712491966,8D4403525817955BC9D76F919D76
1712491969,8D4403525817A55B99D75996D151
1712491970,8C3465D839CE658D635AB71FDA15
1712491973,8D440352EA1B7864013C08747324
1712491974,8C3465D839DE638B7B56A044A6D7
1712491975,8C3465D839DE658D6F5AA414E0BB
1712491983,8D4403525819555A33D6B3ED8681
1712491986,8D4403522314A571DCD4A0897750
1712491987,8D440352EA1B7864013C08747324
1712492126,8C44046D3A0A458AE35CA23BBC8F
1712492136,8C44046D2314A578D4D6A09A30EF
1712492137,8C44046D39C9058B075CC09F46AE
1712492140,8C44046D39E8958B255CC5253118
1712492141,8C44046D39E8758B2F5CC7895EC0
1712492141,8C44046D39F8758B335CC7A028B4
1712492142,8C44046D3A08658B475CC901531F
1712492145,8C44046D3A18658B655CCDF27EEA
1712492147,8C44046D3A1863897558D4B5AC45
1712492147,8C44046D3A1863897958D4EC5F49
1712492149,8C44046D3A28658B7B5CD1647E47
1712492153,8F44046D3A38658B9B5CD6FB7C55
1712492153,8F44046DF9002602834938CDAE63
1712492160,8F44046D3A1FD38A0758E13635CA
1712492169,8C44046D3A1EA58C295CC3743BB2
1712492183,8C44046D3A3E558C515C7B43AD65
1712492183,8C44046D3A3E558C535C795819FC
1712492184,8C44046D3A3E658C555C75255D00
1712492186,8C44046DF9002602834938253DEB
1712492195,8C44046D39EED58C755C56A50A1E
1712492199,8C44046D39E8038AB95854E05AA6
1712492215,8F44046D2314A578D4D6A072A367
1712492292,8D3465D899209785F07C0790CC9F
1712492297,8D3465D8EA0DC858017C0003D1EF
1712492297,8D3465D85807C1E233D6328BCC9A
1712492297,8D3465D85807D1E22DD639DBE79A
1712492298,8D3465D8EA0DC858017C0003D1EF
1712492298,8D3465D82358F178350820D9B2DC
1712492299,8D3465D8580901E221D64E9FC210
1712492300,8D3465D8580911E217D65E1B4F97
1712492300,8D3465D899209485B0A006CDC5A0
1712492301,8D3465D8EA0DC858017C0003D1EF
1712492302,8D3465D8580931E20FD66CC8CD3C
1712492303,8D3465D8580951E207D679FAA993
1712492304,8D3465D89920938590A806F1E1E3
1712492304,8D3465D8F8030003004BB8D74AE5
1712492305,8D3465D8EA0DC858017C0003D1EF
1712492305,8D3465D89920938590A806F1E1E3
1712492306,8D3465D89920928590A8070D1F24
1712492306,8D3465D8580981E1F5D69817FE52
1712492307,8D3465D85809A5626BD7A382A19D
1712492307,8D3465D85809C1E1E3D6B3DAA98A
1712492307,8D3465D85809D5625DD7BA5A423F
1712492308,8D3465D8F8030003004BB8D74AE5
1712492308,8D3465D8EA0DC858017C0003D1EF
1712492311,8D3465D8EA0DC858017C0003D1EF
1712492312,8D3465D8580B61E19FD704681205
1712492312,8D3465D899207F8A10880764BD67
1712492313,8D3465D82358F178350820D9B2DC
1712492313,8F3465D899207B8AF084084A0E31
1712492314,8F3465D8580B91E17BD71E237821
1712492314,8F3465D89920768BD080080BCECD
1712492317,8F3465D899206B8D707C08683CFA
1712492318,8F3465D8580BD1E141D73E0D38A2
1712492318,8F3465D89920668E107C08CCC8F2
1712492318,8F3465D8EA0DC858017C08B34373
1712492319,8F3465D8580BF561A5D8442B9C10
1712492319,8F3465D89920608ED07C08A60AA9
1712492320,8F3465D89920608ED07C0759AAE1
1712492320,8F3465D8580D11E101D758034EF3
1712492321,8F3465D8F8230003004BB8C3DECC
1712492321,8F3465D8EA0DC858017C08B34373
1712492321,8F3465D8580D31E0DBD764803137
1712492322,8F3465D899204D90907408CD68ED
1712492322,8F3465D8580D456143D864368AAE
1712492323,8F3465D8580D51E0AFD7700692F6
1712492323,8F3465D899204691306807038650
1712492324,8F3465D82358F17835082069502C
1712492324,8F3465D899203F91B068089E38AB
1712492324,8F3465D8EA0DC858017C08B34373
1712492324,8F3465D8580D71E077D77B4B49AF
1712492325,8F3465D8F8230003004BB8C3DECC
1712492325,8F3465D8580D81E059D7805F8717
1712492326,8F3465D8580D81E049D7837D2B15
1712492326,8F3465D8EA0DC858017C08B34373
1712492327,8F3465D899202992D07008879D61
1712492327,8F3465D8580DA1E02DD7861B6B95
1712492327,8F3465D8F8230003004BB8C3DECC
1712492328,8F3465D8580DB56099D880396C17
1712492328,8F3465D8580DB5608BD880FF8085
1712492329,8F3465D899201993507007E831F7
1712492330,8F3465D8580DC5606FD8827E0BEC
1712492331,8F3465D8992011937074078D2DAE
1712492332,8F3465D8580DD1DFC7D78D6B7C4B
1712492332,8F3465D899200893707408597DB8
1712492333,8F3465D899200893707807EE87F0
1712492333,8D3465D8EA0DC858017C0803A183
1712492333,8D3465D899240393707C08AFCA30
1712492334,8D3465D8580F156005D882E953A9
1712492335,8D3465D8580F11DF6BD78B80A9BA
1712492335,8D3465D8EA0DC858017C0803A183
1712492336,8D3465D8580F355FDBD8803BB64F
1712492337,8D3465D8EA0DC858017C0803A183
1712492338,8D3465D8580F655F8FD877533085
1712492339,8D3465D8EA0DC858017C0803A183
1712492339,8D3465D8F8230003004BB8733C3C
1712492339,8D3465D8580F955F61D86FDDAEC0
1712492340,8D3465D8EA0DC858017C0803A183
1712492341,8D3465D899244191B09008AFEC4A
1712492341,8D3465D8580FD55F17D85D2019DE
1712492342,8D3465D8580FD1DE79D7622F5887
1712492342,8D3465D899245090B094088F8137
1712492343,8D3465D8580FF55EEFD851FC93D9
1712492344,8D3465D899245690509408A03F45
1712492345,8D3465D899245A8FD0980925CDAA
1712492346,8D3465D899245A8FD09808DA39A3
1712492346,8D3465D85811155ECDD84641E76C
1712492347,8D3465D899245A8FD094089263A3
1712492349,8D3465D85811455EA1D835D8C561
1712492349,8D3465D8EA1B7858017C08BBCEB5
1712492350,8D3465D8991C638F109408E761C7
1712492350,8D3465D8F8230003004BB8733C3C
1712492351,8D3465D8991C648ED09408A55401
1712492351,8D3465D899A4668EB094095DA195
1712492352,8D3465D899A4678E909408E4237B
1712492352,8D3465D85811B1DDA3D70EFFE476
1712492355,8D3465D899A4688E509808DDE79E
1712492356,8D3465D899A4688E509008AD8B9E
1712492360,8D3465D8581361DCFFD6C5B27271
1712492364,8D3465D899A46A8E307C0968684F
1712492368,8D3465D8EA1B7858017C08BBCEB5
1712492380,8D3465D8581701DB31D5F4277E42
1712492381,8D3465D8F8230003004BB8733C3C
1712492381,8D3465D8581721DB01D5DF204675
1712492382,8D3465D8EA1B7858017C08BBCEB5
1712492382,8D3465D8581721DAE9D5D4BF0186
1712492383,8D3465D8581731DAD3D5CA622B4C
1712492383,8D3465D899246F8F50480A0BB5F5
1712492384,8D3465D89924708F70480A6F0726
1712492384,8D3465D8581751DAA3D5B52E0327
1712492388,8D3465D85817655B11D6A122FF73
1712492470,8D4B1A2499089C8630A8061B8B03
1712492471,8D4B1A2499089C8650B4067C8D78
1712492474,8D4B1A245807A562BDD71DA75A38
1712492476,8D4B1A245807D1E22BD63AD217E8
1712492476,8D4B1A24EA0DC858013C00A5B81B
1712492477,8D4B1A2499089A86509407B703DC
1712492477,8D4B1A245807E1E221D6490BA258
1712492477,8D4B1A245809056299D7565A8E01
1712492478,8D4B1A24580911E20FD668734D2C
1712492479,8D4B1A2499089B8630A407A51160
1712492479,8D4B1A24EA0DC858013C00A5B81B
1712492480,8D4B1A2499089B8630AC07D57D60
1712492480,8D4B1A24F80300030049B811B003
1712492480,8D4B1A24EA0DC858013C00A5B81B
1712492481,8D4B1A245809756271D79379A3E0
1712492482,8D4B1A245809956267D7A2AFB25E
1712492482,8D4B1A245809B1E1DDD6B6B6A144
1712492484,8D4B1A2499089A8650B007B171D5
1712492484,8D4B1A24F80300030049B811B003
1712492488,8D4B1A249908958810B00972AEA7
1712492489,8D4B1A242315A4F5C906A0162108
1712492492,8F4B1A24580BC561D9D82F16611F
1712492493,8F4B1A2499087E8CF0B0098C09A6
1712492493,8F4B1A24580BE561C3D83C207E8F
1712492493,8F4B1A24580D01E12BD74ED9B1A3
1712492494,8F4B1A24580D256199D850862A33
1712492494,8F4B1A24F82300030049B805242A
1712492495,8F4B1A24EA0DC858013C08152A87
1712492495,8F4B1A2499086D8F10AC0948BF37
1712492496,8F4B1A2499086D8F10AC08B74B3E
1712492496,8F4B1A24580D51E0E3D76DF024C5
1712492497,8F4B1A24580D65615DD86812654C
1712492497,8F4B1A24EA0DC858013C08152A87
1712492498,8F4B1A24580D81E0B3D77D2FF436
1712492499,8F4B1A2499085990D0A4083620DA
1712492499,8F4B1A24580DA5611DD87A204154
1712492500,8F4B1A24F82300030049B805242A
1712492500,8F4B1A24EA0DC858013C08152A87
1712492501,8F4B1A24580DC56101D881FD20BE
1712492502,8F4B1A2499084B91B0A009232287
1712492502,8F4B1A2499084B91B0A008DCD68E
1712492503,8F4B1A24580DE1E05DD791EEC964
1712492503,8F4B1A24580DF560D7D88AE9F1DA
1712492503,8F4B1A249908449230A0085BB7CC
1712492504,8F4B1A24EA0DC858013C08152A87
1712492504,8F4B1A24580F11E023D79B425372
1712492504,8F4B1A2499083492F09809F90993
1712492504,8F4B1A24EA0DC858013C08152A87
1712492505,8F4B1A24580F35608FD8947DC3AD
1712492506,8F4B1A24EA0DC858013C08152A87
1712492506,8F4B1A24580F45606FD896CB19C0
1712492507,8F4B1A24580F51DFD5D7A2E63BE3
1712492507,8F4B1A2499081E93908409CAE897
1712492507,8F4B1A24580F656041D89AAD2FFD
1712492508,8F4B1A2499081693B0840997C2CE
1712492508,8F4B1A2499081693B0840997C2CE
1712492509,8D4B1A24580F91DF85D7A4B961F5
1712492509,8D4B1A2499080E93D08009F868D5
1712492510,8D4B1A24580FA1DF69D7A494E70F
1712492510,8D4B1A24F82300030049B8B5C6DA
1712492510,8D4B1A2499080693D08009E03EA5
1712492511,8D4B1A24580FB55FD7D8993D5311
1712492511,8D4B1A24990C0493D07C09DE055C
1712492511,8D4B1A24EA1B7858013C081DA741
1712492513,8D4B1A24580FE55F8DD8941246EA
1712492514,8D4B1A24998C1393B07C09B9DED2
1712492515,8D4B1A24EA1B7858013C081DA741
1712492516,8D4B1A242315A4F5C906A0162108
1712492518,8D4B1A24EA1B7858013C081DA741
1712492519,8D4B1A24998C35929084099750F3
1712492520,8D4B1A245811555EFBD87AEC1D87
1712492521,8D4B1A24998C4B9150840AF56D9F
1712492522,8D4B1A24998C5290F0840A5A1816
1712492529,8D4B1A24998C688F10900A24E50F
1712492532,8D4B1A242315A4F5C906A0162108
1712492533,8D4B1A245813855DC5D7FE8A3FF7
1712492534,8D4B1A24990C6E8E90980A0E892A
1712492536,8D4B1A24F82300030049B8B5C6DA
1712492537,8D4B1A24990C6F8E50A40AFBB912
1712492537,8D4B1A24581501DCBFD6CE80D18C
1712492538,8D4B1A24581511DCA9D6C3BE7CA9
1712492539,8D4B1A24EA1B7858013C081DA741
1712492541,8D4B1A24990C6F8E509009E2FB09
1712492542,8D4B1A24990C6F8E508C094A7909
1712492547,8D4B1A245815D55C8FD76B6ACD4C
1712492549,8D4B1A24990C708EB05C0AD49F01
1712492550,8D4B1A24581701DBADD64C876D51
1712492561,8D4B1A24990C778FD0540BB64A4A
1712492571,8D4B1A24990C7592B0440B04DC08
1712492594,8D3465D8583B51DAFBE2273DBDD0
1712492597,8D3465D899A1101D706C146C0C2B
1712493864,8F394C10230464B1CDA2E0C35A1C
1712493890,8F4D22163A48858B335CC4CD0893
1712493894,8F4D22163A5863897358D3A98A1E
1712494019,8D346613580761E24DD60C076F19
1712494020,8D346613F803000200497822AE90
1712494021,8D34661399089785F0A4084E510A
1712494021,8D3466135807B562B1D7362C3A7A
1712494021,8D3466135807C562ADD73C3BA7B1
1712494022,8D34661399089785D0A008331B23
1712494022,8D3466135807C1E229D644E783A3
1712494022,8D3466135807D562A5D74A672F7C
1712494022,8D3466135807E1E221D652E8BC9E
1712494023,8D346613EA0DC850013C0019C0EA
1712494023,8D3466135809056297D76005B6AA
1712494024,8D34661399089785B0A007033F10
1712494024,8D3466135809156293D767FD9B6A
1712494024,8D3466139908978590A008B9E371
1712494024,8D34661399089785909C07D08530
1712494025,8D346613580925628BD776E09C83
1712494025,8D346613EA0DC850013C0019C0EA
1712494025,8D34661399089785909C07D08530
1712494025,8F394C10392E558D295BD0ECBB4F
1712494026,8D34661399089785909808171378
1712494026,8D346613580955627DD78B5DFFF8
1712494027,8D346613F803000200497822AE90
1712494027,8D34661399089785909C07D08530
1712494027,8D34661399089885909C083E4762
1712494028,8D346613580971E1F5D69FC77C59
1712494029,8D346613EA0DC850013C0019C0EA
1712494029,8F394C10F9002602834938387107
1712494030,8D346613580985626BD7AADAFBBE
1712494030,8D346613EA0DC850013C0019C0EA
1712494031,8D3466135809A56261D7B931A03E
1712494031,8D3466135809C1E1D7D6CBB19555
1712494032,8D34661399089387909C0874F4E6
1712494033,8D3466135809F5623BD7E41DD67D
1712494034,8D346613F803000200497822AE90
1712494035,8D3466139908818B70A408C6D698
1712494035,8D346613580B51E17FD716DA1CB6
1712494036,8D346613580B7561F1D81A44B0D0
1712494036,8D3466139908778D109408CC2A0D
1712494037,8D346613580B81E155D72E63B778
1712494037,8D3466132358F175D503207CD982
1712494037,8D346613EA0DC850013C0019C0EA
1712494038,8D346613580BB1E125D74422AC94
1712494039,8D3466139908688F5074088B3A3C
1712494039,8D346613580BD5618FD8460CCA1E
1712494040,8D346613EA0DC850013C0819B086
1712494040,8D3466139908638FF07408390B9A
1712494040,8D346613580BD1E0FDD75386919C
1712494042,8D34661399085C90B074083F41F1
1712494043,8D346613580BE56167D85416E123
1712494043,8D346613990855915074082A60CA
1712494043,8F346613580D056149D85C46E526
1712494044,8F346613EA0DC850013C08A95276
1712494044,8F346613F8230002004978363AB9
1712494044,8F346613580D056139D860554C7F
1712494044,8F346613580D15612DD8648FCDBD
1712494045,8F346613580D25611FD867A24034
1712494045,8F346613990846925088073FC80A
1712494046,8F346613EA0DC850013C08A95276
1712494046,8F34661399083E92D09407F65E77
1712494046,8F34661399083593309C086AA698
1712494047,8F346613580D5560D7D874EBADFA
1712494047,8F34661399083593309C079506D0
1712494048,8F346613EA0DC850013C08A95276
1712494048,8F346613F8230002004978363AB9
1712494048,8F346613580D91E011D7844DCE1D
1712494049,8F34661399082293B0A007D05CFE
1712494049,8F346613580D91E001D7856F7E04
1712494049,8F346613580DA5607DD87D278E38
1712494049,8F34661399081393F09809A6FF0A
1712494050,8F34661399081393F09408115103
1712494051,8F346613580DD1DFB5D789A4AB12
1712494051,8F346613580DE1DFA3D78904E3A4
1712494052,8F346613580DF5601DD880E00DB8
1712494053,8F346613990C059410940909357B
1712494054,8F346613EA0DC850013C08A95276
1712494054,8F346613990C0D93F09409E71164
1712494055,8F346613580F21DF55D78882B249
1712494057,8F346613990C1593D09009B2A1DD
1712494057,8F346613580F31DF37D786666611
1712494058,8F346613990C1D93B090096573D6
1712494059,8F346613EA0DC850013C08A95276
1712494059,8F346613580F755F83D876B3FE16
1712494060,8F346613990C2C9310900998F4BC
1712494060,8F346613EA0DC850013C08A95276
1712494061,8F346613580FA1DEB7D77517ECDC
1712494062,8D346613990C3B92508C091809C7
1712494062,8D346613580FB1DE9BD76F8BA146
1712494062,8D346613580FC1DE8BD76C3A4BE4
1712494063,8D346613580FD1DE7FD7693ABEF9
1712494063,8D346613990C499150840981310E
1712494064,8D346613990C499150840981310E
1712494064,8D346613580FE55EF5D85A5D6E5B
1712494064,8D346613580FF1DE59D75F3367D3
1712494065,8D346613EA0DC850013C0819B086
1712494065,8D346613581111DE31D752716D11
1712494066,8D346613581121DE19D74A0BD6A4
1712494067,8D346613990C5F8FB0740922FFF3
1712494070,8D346613990C628F707408FB75A3
1712494070,8D346613990C658F307409874D92
1712494071,8D346613581161DDCBD72BEEC465
1712494072,8D346613990C678F1078098C7E27
1712494073,8D346613990C688EF07409DB3BB8
1712494074,8D346613EA0DC850013C0819B086
1712494075,8D3466132358F175D503207CD982
1712494077,8D346613990C6B8EF07C09AE48EA
1712494078,8D346613990C6B8ED07C09EB34C3
1712494079,8D346613EA0DC850013C0819B086
1712494080,8D3466135813455D57D7B3FEAE12
1712494081,8D346613581351DCA5D6ACFA70AA
1712494082,8D346613EA0DC850013C0819B086
1712494082,8D3466135813755D27D79E43E6BA
1712494085,8D3466132358F175D503207CD982
1712494087,8D3466135813955CF7D789F3EAB3
1712494087,8D3466135813B55CDFD77FBCEDB7
1712494088,8D346613F823000200497886D849
1712494089,8D346613990C6D8EF0840A70F663
1712494090,8D346613990C6D8EF0880A38AC63
1712494091,8D346613EA0DC850013C0819B086
1712494093,8D346613581531DBADD63D22103D
1712494094,8D346613990C6C8EF0800A4BCAAD
1712494095,8D346613F823000200497886D849
Timestamp,Trame Hexa
Timestamp,Trame Hexa
Timestamp,Trame Hexa
Timestamp,Trame Hexa
Timestamp,Trame Hexa
Timestamp,Trame Hexa
Timestamp,Trame Hexa
1712496096,8C4B0294F9006602884A3877C26B
1712496098,8C4B0294F9008602884A38AEBB22
1712496099,8C4B02943A9C538C8F53B4CD9408
1712496136,8C4B02943B2E658E3D5710C74A6E
1712496138,8C4B02943B3E658E5F56D94BABBA
1712496141,8C4B02943B3E658E7556B8866BC0
1712496141,8C4B02943B3E658E7756B49D8B18
1712496142,8C4B02943B3E658E7B56AF3B00B2
1712496145,8C4B0294F9008602884B38A0B6A2
1712496148,8C4B0294F9008602884A38AEBB22
1712496149,8C4B02943B2E638CA9525F50877D
1712496149,8C4B02943B2E638CAD525A981A46
1712496150,8C4B0294F9008602884B38A0B6A2
1712496150,8C4B02943B0E638CB5524B709E56
1712496150,8C4B0294F9008602884B38A0B6A2
1712496151,8C4B02943AEE658EA95662314C77
1712496152,8C4B02943ADE638CBF523AAFA786
1712496152,8C4B0294F9008602884A38AEBB22
1712496152,8C4B02943ACE658EB15655D82DFA
1712496153,8C4B02943AAE638CCB5227CBC468
1712496154,8C4B0294F9006602884A3877C26B
1712496155,8C4B0294234D74B4E740A010DBA5
1712496156,8C4B02943A7E358EBF56360DB318
1712496160,8C4B02943A7E058EBF5627A352E9
1712496162,8C4B02943A7DF38CD351FD4F8385
1712496163,8C4B0294F9008602884A38AEBB22
1712496165,8C4B02943A1DF38CD151EEB84CAF
1712496165,8C4B029439EDF58EBB560CC46CB2
1712496166,8C4B0294F9008602884A38AEBB22
1712496167,8C4B0294F9008602884A38AEBB22
1712496167,8C4B0294398DF38CCF51DE810F5E
1712496168,8C4B0294395E058EBB55FFBD0DB0
1712496170,8C4B0294F9008602884A38AEBB22
1712496171,8C4B0294F9008602884A38AEBB22
1712496172,8C4B0294396E958EC555F6519A68
1712496173,8C4B0294396EB58EC555F5CF2BBA
1712496173,8C4B0294F9008602884A38AEBB22
1712496175,8C4B0294396EE38CDF51CE0E3154
1712496177,8C4B0294F9008602884A38AEBB22
1712496177,8C4B0294F9008602884A38AEBB22
1712496179,8C4B0294F9006602884A3877C26B
1712496179,8C4B02943948038CF751CD99C080
1712496180,8C4B02943938438CFB51CE43C614
1712496181,8C4B02943938758EE755F50DCF3C
1712496181,8C4B0294234D74B4E740A010DBA5
1712496181,8C4B02943928C58EE955F7C92FE8
1712496183,8C4B02943929758EE955FB172789
1712496184,8C4B0294F9008602884A38AEBB22
1712496184,8C4B02943929B38CFD51D72169FC
1712496185,8C4B0294234D74B4E740A010DBA5
1712496187,8C4B0294393A338CF951DCDE6CD8
1712496189,8C4B0294F9008602884A38AEBB22
1712496190,8C4B0294393A538CF751DE3FC10D
1712496192,8C4B0294394A658EDF560688B590
1712496193,8C4B0294394A638CF351E4E6863C
1712496194,8C4B0294F9006602884A3877C26B
1712496194,8C4B0294395A638CF151E9AF5385
1712496195,8C4B0294395A658ED9561009498B
1712496198,8C4B0294F9008602884A38AEBB22
1712496199,8C4B02943A7A638CE152015A38A0
1712496200,8C4B0294F9006602884B3879CFEB
1712496203,8C4B02943AFA658EC35633F1E405
1712496205,8C4B0294F9008602884A38AEBB22
1712496205,8C4B02943B5A638CD1521A457411
1712496206,8C4B0294F9008602884A38AEBB22
1712496209,8C4B02943CEA638C99527BD19082
1712496210,8C4B0294F9008602884B38A0B6A2
1712496211,8C4B02943D5A658E7356BC5BB761
1712496245,8D4B0294F8030002004BB8372EDA
1712496246,8D4B02945807B1E23DD6256E7824
1712496264,8D4B02945809D56223D80362AFFB
1712496272,8F4B0294580B81E0CFD762B4373C
1712496278,8F4B0294580BE1E041D76EBFCA05
1712496319,8D4B0294234D74B4E740A048AADD
1712496337,8D4B02945815055B77D67447E0C8
1712496339,8D4B0294991C4F8FF0C40B1FE4F5
1712496348,8D4B02945817355A89D63E9120C9
1712496351,8D4B0294991C0C91B0B40B177C3E
1712496352,8D4B029458190559CBD635BA3271
1712496360,8D4B02945819755935D6346C1F90
Timestamp,Trame Hexa
Timestamp,Trame Hexa
1712496771,8C4D221642AE658E9158C9FC5A0E
1712496774,8C4D221642AE538CBB54918B545B
1712496779,8C4D221642AE558EB358900F9C58
1712496788,8C4D2216F9003602865838514404
1712496791,8C4D221642AE638CFF541D6046B7
1712496793,8C4D221642BE658EEF582EFB94B7
1712496793,8C4D2216F9003602865838514404
1712496795,8C4D221642AE638D0B540A7B1EDA
1712496796,8C4D2216429E538D0D54060FED97
1712496797,8C4D2216425E538D1353FC99C4F2
1712496798,8C4D2216F9003602865838514404
1712496799,8C4D221641FE438D1953F072E074
1712496803,8C4D221641EDB58EFD57F48A8C3F
1712496803,8C4D221641EDB38D1153D9468D57
1712496804,8C4D221641EDA58EFB57F096E16F
1712496805,8C4D2216234994B2C78C60FCE762
1712496813,8C4D221641ECB58ECD57DB19F3EC
1712496813,8C4D2216F9003602865838514404
1712496815,8C4D221641BC738CCD53BDDC9F49
1712496815,8C4D2216419C758EB757D778FFD4
1712496816,8C4D2216417C738CC753BC70BF0E
1712496816,8C4D2216417C638CC553BC5BBB6C
1712496824,8C4D221640FC658E9F57D3ACA0B6
1712496829,8C4D221640EC538CA353B7F6D72F
1712496833,8C4D221640DC538C9B53B6F60EA6
1712496841,8C4D2216406C558E8557D096F509
1712496841,8C4D2216405C538C9753B63E3AD5
1712496842,8C4D2216404C558E8357D01E7A56
1712496843,8C4D2216F9003602865838514404
1712496843,8C4D2216405C558E8357D0B3BB3E
1712496844,8C4D2216406C538C9753B5C86576
1712496844,8C4D2216406C538C9553B5D3CDF4
1712496854,8C4D221640EC538C8D53B40E189A
1712496856,8C4D2216412C558E7357CDD6F78E
1712496956,8D4D221699089A8930C40813E2DE
1712496986,8D4D22166011E1DDE1D7FE935113
1712497001,8D4D2216EA1B785E6D1C0836E2DE
1712497005,8D4D2216998C79909078097E43A9
1712497006,8D4D2216601741DBA1D714C18C72
1712497012,8D4D22166017855BEDD7E95D1161
1712497013,8D4D22166017A1DB33D6E23F9061
1712497013,8D4D2216998C7F9130740A474AC8
1712497014,8D4D2216EA1B78667B1C0858EEAD
1712497015,8D4D22166017E55B65D7AC8612DB
1712497016,8D4D2216234994B2C78C60A4961A
1712497017,8D4D2216998C869250500BFFC651
1712497018,8D4D2216998C889270500BA8D2AC
1712497019,8D4D2216998C8992B0580BBB489D
1712497021,8D4D2216EA1B7866791C0843462F
1712497022,8D4D2216601941D9FDD656FD83A2
1712497023,8D4D2216998C8B9310640BAF1EDF
1712497029,8D4D2216998C9294304C0B5C4818
1712497039,8D4D2216EA1B7865FB1C08CEEDF5
1712497040,8D4D2216990C6C9930D00ABC42B9
1712497085,8C440175F90026008349382DE134
1712497114,8C440175F90026008349382DE134
1712497114,8C44017539CE538D035415B734DF
1712497120,8C440175395E638D1153FD333F86
1712497121,8C440175396E658EFD5815578C40
1712497122,8C440175396E638D1353FB210498
1712497123,8C440175397E638D1353F98CD9EB
1712497126,8C440175398E538D1753F23A8CC4
1712497141,8C440175F90026008349382DE134
1712497144,8C440175F90026008349382DE134
1712497148,8C440175395C838CC553BB5D4D17
1712497257,8F44017538FC638C7F53B27DDEFC
1712497339,8D4401759908A08670CC07E52F93
1712497343,8D44017599089C8870DC07186E80
1712497345,8D44017599089689F0E40769249B
1712497345,8D4401759908928AD0E4075C747F
1712497389,8D440175990C6C8E50A0098DA2EA
1712497395,8D4401755815C1DC85D6D66189BA
1712497400,8F440175990C6A8E309809560ACC
1712497400,8F440175990C6B8E308809B5D802
1712497401,8F440175990C6C8E108409B1CA41
1712497402,8F440175581771DBE3D68ADC11E8
1712497402,8F440175990C6E8E10780A5B69F0
1712497403,8F440175990C6F8E10700A280F3E
1712497406,8F4401755817C1DB75D655170BCA
1712497414,8F440175581921DAE5D613B940E3
1712497416,8D440175998C738FD0600A8622B5
1712497417,8D440175998C7590105C0B49F7ED
1712497434,8D440175EA11A854013C086D42D4
1712497443,8D440175581B71D73FD502EFA3E4
1712497444,8D440175581B8557C1D608A33DAD
1712497444,8D440175F82300040049B8D2EEDB
1712497445,8D440175EA11A854013C086D42D4
1712497548,8D488912EA007860015C0017E5D7
1712497548,8D488912590B61E55FD0EFBD8CAE
1712497557,8D488912590B3565A9D250739C31
1712497558,8D488912590B31E529D1497944FE
1712497559,8D488912590B256595D26F7C7AC4
1712497559,8D488912EA007860015C0017E5D7
1712497559,8D488912590B21E51DD15DE659CD
1712497560,8D488912F8030006005ABCABBE4D
1712497567,8D488912F8030006005ABCABBE4D
1712497570,8D4889125909F1E4E3D1B81087BD
1712497571,8D4889125909E1E4DBD1C4D45B3E
1712497572,8D4889125909D56541D2F30D50E9
1712497579,8D4889125909A1E499D234900A26
1712497581,8D488912590991E48DD247D6A008
1712497582,8D488912F8030006005ABCABBE4D
1712497582,8D488912EA007860015C0017E5D7
1712497583,8D48891259099564FDD369C6564D
1712497585,8D48891259099564F7D3744C004C
1712497585,8D48891259098564F1D38055C9D4
1712497586,8D48891259097564E5D39656CD9C
1712497588,8D488912590971E461D29777CFE3
1712497589,8D48891299107184383407756A74
1712497589,8D488912991071843838073D3074
1712497590,8D48891259094564BDD3D83DF1D7
1712497592,8D48891259094564B7D3E3B6424B
1712497595,8D48891299107084384007EC42A1
1712497598,8D488912F8030006005ABCABBE4D
1712497598,8D488912991070845844071BF0DA
1712497599,8D488912590915649DD40EA4F34B
1712497600,8D488912EA007860015C0017E5D7
1712497601,8D4889125907F1E411D31E813B67
1712497602,8D4889125907E1E405D3345A2F54
1712497603,8D488912EA007860015C0017E5D7
1712497603,8D488912991070841838077B4693
1712497603,8D488912991070841838077B4693
1712497604,8D4889125907C1E3F1D356254F24
1712497604,8D48891299107084183407331C93
1712497605,8D488912F8030006005ABCABBE4D
1712497605,8D4889125907C56461D47118626B
1712497606,8D48891299106F843830076F9840
1712497607,8D4889125907B5645BD47C99AA2B
1712497608,8D4889125907B56459D48087EE3B
1712497609,8D4889125907B56455D48521D108
1712497609,8D48891299106E843824084BDCC6
1712497609,8D488912EA007860015C0017E5D7
1712497610,8D48891299106D8438200876F594
1712497610,8D4889125907B1E3D7D380DBCD7E
1712497611,8D48891299106D8438200876F594
1712497611,8D4889125907B1E3D1D38CF77CA2
1712497612,8D48891299106C84181C0759E532
1712497612,8D488912EA007860015C0017E5D7
1712497613,8D48891299106C84181C0759E532
1712497613,8D48891299106C84181C0759E532
1712497613,8D48891299106C84181C0759E532
1712497613,8D488912F8030006005ABCABBE4D
1712497614,8D488912EA007860015C0017E5D7
1712497615,8D4889125907956429D4CF0854B8
1712497615,8D4889125907956427D4D34AA7B4
1712497616,8D488912590785641DD4E396188F
1712497618,8D48891299106A8438300760B9B6
1712497618,8D488912590771E393D3F3230EBB
1712497620,8D48891299106A8438300760B9B6
1712497621,8D488912EA007860015C0017E5D7
1712497623,8D488912590761E383D40C1EC24B
1712497627,8D488912EA007860015C0017E5D7
1712497638,8D48891299106584182C079C2585
1712497692,8D440D6EEA09D85C015C0825ED11
1712497692,8D440D6E582D956321D8537B9490
1712497696,8D440D6E582D9563C3D856BA70FB
1712497698,8D440D6EE1193100000000A43575
1712497699,8D440D6E582D91E3F7D76043FE5C
1712497700,8D440D6E99880822B8040E9F56B6
1712497700,8D440D6E582D91E46DD762D25AC9
1712497701,8D440D6E99880522B8080EC07B30
1712497702,8D440D6EEA09D858015C088A185D
1712497702,8D440D6E582D91E515D76285C5F9
1712497703,8D440D6EEA09D858015C088A185D
1712497707,8D440D6E998C1F22382C0E2992C2
1712497710,8D440D6EEA09D858015C088A185D
1712497710,8D440D6EF8230003004AB8D110D1
1712497711,8D440D6E998C3621B8400ECF02FF
1712497712,8D440D6E582D51E6CDD7469301E4
1712497713,8D440D6E998C3E2178500FA88479
1712497713,8D440D6E582D456771D837092B11
1712497714,8D440D6E582D3567A3D830C3ADF8
1712497714,8D440D6E990C572078640F4CA2A2
1712497715,8D440D6E582D11E789D72AC5ECEB
1712497715,8D440D6E582D156805D81FACF8EA
1712497715,8D440D6EEA09D858015C088A185D
1712497716,8D440D6E990C681F78680EF7D8CD
1712497716,8D440D6E582BF56867D80A6049CA
1712497717,8D440D6E990C781E786C0F2B4B77
1712497718,8D440D6EEA09D858015C088A185D
1712497719,8D440D6EF8230003004AB8D110D1
1712497720,8D440D6E582BC568F3D7E66EED99
1712497722,8D440D6EE1193100000000A43575
1712497722,8D440D6E582BA56937D7D14FA63D
1712497726,8D440D6E582B8569A5D7A900C5A6
1712497728,8D440D6E582B61E97DD695086CE5
1712497728,8D440D6E582B6569F5D7878F955C
1712497730,8D440D6E990CC91598540EABBA22
1712497731,8D440D6E582B056ABDD719B390EA
1712497732,8D440D6E990CD313D84C0F98E29F
1712497732,8D440D6E5829F1EA93D5F55C63DC
1712497733,8D440D6EEA09D858015C088A185D
1712497735,8D440D6E990CDE1138380F67CD72
1712497736,8D440D6E5829E56B31D6C012B7E1
1712497737,8D440D6E990CE110582C0EE43969
1712497737,8D440D6EEA09D858015C088A185D
1712497739,8D440D6E5829D56B65D691DF3836
1712497741,8D440D6E5829D1EB23D57763E100
1712497742,8D440D6E5829C56B95D66312E8C3
1712497743,8D440D6E5829C56BA9D6502DEA8C
1712497743,8D440D6EEA09D858015C088A185D
1712497744,8D440D6EEA09D858015C088A185D
1712497751,8D440D6E990CDD0DF8240EE57A20
1712497752,8D440D6E582991EC29D474F64F21
1712497753,8D440D6EEA09D858015C088A185D
1712497754,8D440D6E990CDB0DF8280EA71E84
1712497756,8D440D6E5829856CBBD541174576
1712497757,8D440D6E990CDA0DF8340E0C964A
1712497758,8D440D6EE1193100000000A43575
1712497759,8D440D6E990CD60DD8440EFF8330
1712497759,8D440D6E5829456D2DD4D6691A2B
1712497761,8D440D6EEA09D858015C088A185D
1712497762,8D440D6E990CD20DB8480E747673
1712497764,8D440D6E5829156D97D4729ACC13
1712497770,8D440D6E5827F56DEDD4204F28DB
1712498161,8D440D6E58092564B1D3EB5F6B7A
1712498164,8D440D6E99088785383C0873A1D2
1712498165,8D440D6E580901E425D2FCC2B020
1712498166,8D440D6E99088785383C0873A1D2
1712498168,8D440D6E99088785383C0873A1D2
1712498170,8D440D6E99088785183C0836DDFB
1712498170,8D440D6EEA05F858015C0096A11F
1712498171,8D440D6E990888853838085AF5C8
1712498171,8D440D6E5807D1E3FDD341D56AAF
1712498173,8D440D6E990888853838085AF5C8
1712498173,8D440D6E99088885383C0862C3C8
1712498174,8D440D6E5807B1E3DBD3791E5444
1712498175,8D440D6E5807A1E3D3D38545B63E
1712498176,8D440D6E99088885183C0827BFE1
1712498176,8D440D6E99088885183C0827BFE1
1712498176,8D440D6E580791E3C5D39FE57227
1712498177,8D440D6E99088885383C0862C3C8
1712498179,8D440D6E580791E3BDD3AC67D93E
1712498179,8D440D6E5807856431D4C212E888
1712498180,8D440D6EEA05F858015C0096A11F
1712498180,8D440D6E580781E3B3D3BBEA1EAC
1712498182,8D440D6E990888853838085AF5C8
1712498182,8D440D6E990888853838085AF5C8
1712498183,8D440D6E99088985583408DE217D
1712498183,8D440D6EEA05F858015C0096A11F
1712498184,8D440D6E99088985583408DE217D
1712498185,8D440D6EEA05F858015C0096A11F
1712498186,8D440D6E5807656407D50675E068
1712498186,8D440D6E990889857834089B5D54
1712498186,8D440D6EEA05F858015C0096A11F
1712498187,8D440D6E99088985783808D30754
1712498187,8D440D6E580741E373D422E08027
1712498188,8D440D6EEA05F858015C0096A11F
1712498188,8D440D6E580731E363D43CAE360E
1712498189,8D440D6EF8030003004AB8756608
1712498190,8D440D6E580721E353D45804D831
1712498190,8D440D6E99088985583808967B7D
1712498190,8D440D6EEA05F858015C0096A11F
1712498191,8D440D6E580711E34BD464E7A23B
1712498191,8D440D6E99088985583808967B7D
1712498192,8D440D6E2314A571C8D0607081A3
1712498192,8D440D6E99088985583408DE217D
1712498193,8D440D6E580701E343D472B96826
1712498193,8D440D6EEA05F858015C0096A11F
1712498194,8D440D6E580701E33FD4770D977E
1712498194,8D440D6E99088985382C08811106
1712498195,8D440D6E99088985582C084E957D
1712498196,8D440D6E5805F563ADD596240103
1712498197,8D440D6EEA05F858015C0096A11F
1712498198,8D440D6E5805E563A5D5A384E2BC
1712498199,8D440D6E5805E563A1D5AA4C37DD
1712498199,8D440D6E99088885381409D31FC8
1712498200,8D440D6EF8030003004AB8756608
1712498203,8D440D6EF8030003004AB8756608
1712498321,8C4D21FDF900260286483863536A
1712498325,8C4D21FDF900260286483863536A
1712498325,8C4D21FD3ABE658DF759C696A554
1712498326,8C4D21FD3ABE638C0D55B18F80C3
1712498359,8C4D21FDE1162C00000000A94BB4
1712498359,8C4D21FD3AEE658EA558A6B021E2
1712498360,8C4D21FD3AEE638CBF5489F39082
1712498361,8C4D21FD3AEE638CC5547D91C69D
1712498361,8C4D21FD3AEE658EB7588A77449A
1712498362,8C4D21FD3ADE638CCF546C126F77
1712498364,8C4D21FD3ADE658EBF587BEA01E2
1712498366,8C4D21FD3ADE658EC5587072537D
1712498369,8C4D21FD3ABE638CE754442B6FE8
1712498371,8C4D21FD3AAE638CED543AF15243
1712498372,8C4D21FD3A9E638CF154347C06AF
1712498373,8C4D21FD3A8E638CF7542B027ED1
1712498374,8C4D21FD3A7E638CFB542574B0E9
1712498374,8C4D21FD234994B6D70C2096A6F4
1712498377,8C4D21FD39CE658EF158291767E5
1712498378,8C4D21FDF900260286483863536A
1712498379,8C4D21FD39AE638D09540DADF49E
1712498382,8C4D21FDF900260286483863536A
1712498383,8C4D21FD399E638D0D5405936247
1712498384,8C4D21FD399E658EF9581B62204D
1712498385,8C4D21FDE1162C00000000A94BB4
1712498385,8C4D21FD399E658EFB58188660DD
1712498386,8C4D21FD234994B6D70C2096A6F4
1712498386,8C4D21FD399E658EFD5814AAD101
1712498387,8C4D21FD399E658EFF58114EB5BC
1712498388,8C4D21FD39AE558F01580B871999
1712498389,8C4D21FD39AE358F035806C0E708
1712498389,8C4D21FD39AE238D1953EB9D43B3
1712498390,8C4D21FD39AE038D1753E441E1B5
1712498391,8C4D21FD39ADF38D1753E1B7661C
1712498392,8C4D21FDF900260286483863536A
1712498393,8C4D21FD39ADD58EFF57F5D3CABD
1712498393,8C4D21FD39ADC58EFF57F41C9254
1712498394,8C4D21FD39ADC58EFD57F3F8EAF2
1712498395,8C4D21FD39ADB38D1153D8A78917
1712498396,8C4D21FD39ADA38D1153D69771B6
1712498397,8C4D21FD39BD958EF757EDD28AE9
1712498398,8C4D21FD39BD858EF557EBF9AAA6
1712498400,8D4D226458093564C1D3D00CED3F
1712498401,8C4D21FD39BD458EEB57E3DEE5DD
1712498402,8D4D226458090564A7D3FABFC825
1712498402,8C4D21FDE1162C00000000A94BB4
1712498403,8D4D2264F803000600487866A36F
1712498403,8C4D21FD397CC38CE553C0AE0E2C
1712498404,8D4D226499088B8578400888390B
1712498404,8D4D2264F803000600487866A36F
1712498405,8D4D226499088B85784808F8550B
1712498405,8C4D21FD394C838CD753BEE46CEF
1712498407,8D4D226499088B85784408B00F0B
1712498407,8D4D2264F803000600487866A36F
1712498408,8D4D226499088B8578400888390B
1712498408,8D4D2264EA05F85D2F1C00E6556D
1712498409,8D4D22645807B56461D46962AD3C
1712498410,8D4D226499088B85783C08627710
1712498411,8D4D226499088B85783C08627710
1712498411,8C4D21FD392C658EB757D6863E01
1712498411,8D4D2264F803000600487866A36F
1712498411,8D4D226499088B85783C08627710
1712498412,8D4D226499088B85783C08627710
1712498413,8D4D22645807956449D48F2D4AE0
1712498414,8D4D2264580791E3CDD386FBE74A
1712498415,8D4D226499088B85383008A0D542
1712498415,8D4D2264EA05F85D2F1C00E6556D
1712498416,8D4D2264580775642DD4C0F0C5FE
1712498417,8C4D21FD38CC658EA757D405B4E0
1712498417,8D4D2264EA05F85D2F1C00E6556D
1712498417,8D4D2264580761E3A3D3CE9C1E1A
1712498418,8D4D2264EA05F85D2F1C00E6556D
1712498418,8D4D226499088B8538340898E342
1712498419,8D4D226499088B8538340898E342
1712498420,8D4D2264580751E387D4016EC37F
1712498421,8D4D226499088B85383008A0D542
1712498422,8D4D226458074563F7D51B4F8084
1712498423,8D4D226499088B855830086F5139
1712498424,8D4D226458073563EFD5296E1D4F
1712498424,8D4D226499088B85382C08085742
1712498425,8D4D226458073563E7D536FFFFD7
1712498426,8D4D226499088B85383008A0D542
1712498427,8D4D2264234994B5C8D5E05F3666
1712498428,8D4D226458072563D7D550550DF3
1712498429,8D4D226499088A85383008A3DF8C
1712498429,8D4D226499088A853834089BE98C
1712498430,8D4D2264EA05F85D2F1C00E6556D
1712498430,8D4D2264580711E34BD46468F1E3
1712498430,8D4D2264580711E347D46C317283
1712498431,8D4D226458070563BDD57C8F5328
1712498431,8D4D226499088A853834089BE98C
1712498431,8D4D2264234994B5C8D5E05F3666
1712498432,8D4D22645805F1E331D48F392608
1712498432,8D4D2264F803000600487866A36F
1712498433,8D4D2264EA05F85D2F1C00E6556D
1712498433,8D4D226499088A8558140995DDF7
1712498460,8F4D21FD390C638CA553B66B8710
1712498467,8F4D21FD395C538C8953B23C1DF0
1712498479,8F4D21FD3A0C658E1957BF4145FF
1712498487,8C4D21FDF900260286483863536A
1712498588,8D4D21FD5807B1E1FDD690030AB6
1712498598,8D4D21FD580B31E18BD73C32B216
1712498599,8D4D21FD9908A38930E808CD36C7
1712498601,8D4D21FDEA0DC85E031C00E141FF
1712498657,8D4D21FD998C7E9130800AC511B7
1712498658,8D4D21FD998C7F9150840A31A902
1712498659,8D4D21FD998C819170800948B644
1712498684,8D4D21FD581D855831D669C6ABD0
1712498685,8D4D21FD581DA55803D65F2567EE
1712498686,8D4D21FD990C579A10A40B4E30FB
1712498688,8D4D21FDEA0DC866091C080B8AFC
